Nombre pagina,Titulo,Descripcion,Fecha de publicacion,Paises relacionados
BBC,Over 21s to get £12.71 an hour as minimum wage increased,"The move has been welcomed, but some experts say it will not cover the current cost of living.","Tue, 25 Nov 2025 18:54:42 GMT",No hay un pais relacionado
BBC,Chris Mason: Reeves will be hoping the Budget buys her some time,Deep unpopularity in the country and jittery Labour MPs is the prism through which both the countdown to this Budget and its aftermath should be seen.,"Tue, 25 Nov 2025 17:58:16 GMT",No hay un pais relacionado
BBC,Justice secretary wants to scrap jury trials except for most serious cases,"Only cases of alleged murder, rape or manslaughter will be decided by a jury under new proposals to cut court backlogs.","Tue, 25 Nov 2025 17:51:33 GMT",No hay un pais relacionado
BBC,"Farage's racism denials are dishonest, says ex-classmate",Peter Ettedgui tells the BBC Nigel Farage targeted antisemitic abuse at him when they were teenagers.,"Tue, 25 Nov 2025 21:11:34 GMT",No hay un pais relacionado
BBC,"Ukraine says 'understanding' reached with US on peace plan, as Trump says his envoy will meet Putin","President Trump says the original peace plan has been ""fine-tuned"", and that he will send his envoy Steve Witkoff to Moscow.","Tue, 25 Nov 2025 22:46:23 GMT",No hay un pais relacionado
BBC,"Sir Richard Branson 'heartbroken' as wife, Joan, dies aged 80","Sir Richard said she was ""the most wonderful mum and grandmum our kids and grandkids could have ever wished for"".","Tue, 25 Nov 2025 21:52:48 GMT",No hay un pais relacionado
BBC,Man arrested over fly-tipped mountain of waste,A 39-year-old man is arrested after the huge pile of rubbish was found in Oxfordshire.,"Tue, 25 Nov 2025 14:01:08 GMT",No hay un pais relacionado
BBC,Bolsonaro ordered to start serving 27-year prison sentence for Brazil coup plot,The Supreme Court says the former leader has exhausted his appeals and will start his prison term at a police station in Brasilia.,"Tue, 25 Nov 2025 22:29:15 GMT",Brasil
BBC,Ronaldo clear for World Cup opener despite red card,Cristiano Ronaldo will be able to play for Portugal in their opening World Cup game despite his red card against the Republic of Ireland.,"Tue, 25 Nov 2025 16:37:17 GMT",Portugal
BBC,Historian criticises BBC for removing Trump line from Radio 4 lecture,"Rutger Bregman says he is ""genuinely dismayed"" after a line about the US president was edited out.","Tue, 25 Nov 2025 18:40:33 GMT",No hay un pais relacionado
BBC,Ex-wife of Dubai royal says she fears arrest as custody battle escalates,"Zeynab Javadli's ex-husband has lodged a criminal complaint with Dubai police, accusing her of kidnapping their three daughters.","Tue, 25 Nov 2025 17:40:57 GMT",No hay un pais relacionado
BBC,Canadian PM's office and border services not 'involved' in Kneecap ban,"In September, Liberal MP and Parliamentary Secretary for Combating Crime Vince Gasparro announced the ban ""on behalf"" of the Canadian government.","Tue, 25 Nov 2025 21:35:19 GMT",No hay un pais relacionado
BBC,English mayors will get new powers to  levy tourist taxes,Mayors will be given the power to charge tourists a tax for staying overnight in their towns and cities.,"Tue, 25 Nov 2025 19:07:53 GMT",No hay un pais relacionado
BBC,"We earn £60,000 and want a bigger house - stamp duty should be scrapped",BBC News hears from people with a range of incomes about what they want to see in the Budget.,"Tue, 25 Nov 2025 00:00:32 GMT",No hay un pais relacionado
BBC,Help to Save scheme to be offered to more people,"The government gives a 50% bonus after two and four years, to encourage those on low incomes to save.","Tue, 25 Nov 2025 16:00:14 GMT",No hay un pais relacionado
BBC,How much are minimum wages set to rise?,Three and a half million low-paid workers across the UK benefit from minimum wage rates.,"Tue, 25 Nov 2025 18:00:16 GMT",No hay un pais relacionado
BBC,"Who is Trump's 'drone guy' Dan Driscoll, taking key role in Ukraine talks?",The youngest-ever US army secretary has been thrust into the spotlight as the face of renewed efforts to end the years-long war.,"Tue, 25 Nov 2025 20:11:12 GMT",No hay un pais relacionado
BBC,How to make sure you're getting a good deal on Black Friday,"Discounts often aren't the cheapest prices, but here's how to make sure you're getting a good deal.","Tue, 25 Nov 2025 10:44:19 GMT",No hay un pais relacionado
BBC,Adolescence lasts into 30s - new study shows four pivotal ages for your brain,Brain scans on thousands of people reveal the dramatic shifts the brain goes through between birth and death.,"Tue, 25 Nov 2025 10:11:12 GMT",No hay un pais relacionado
BBC,Scammers hacked her phone and stole thousands - so how did they get her details?,Sue Shore told the BBC how scammers targeted her - and we found her information had been leaked online.,"Tue, 25 Nov 2025 04:58:08 GMT",No hay un pais relacionado
BBC,'Don't wait for permission' - Bafta Breakthrough star Ellis Howard's advice to young artists,The What it Feels Like For a Girl star says his career changed when he posted Instagram videos.,"Tue, 25 Nov 2025 12:24:57 GMT",No hay un pais relacionado
BBC,Are we going to have a white Christmas this year?,Sarah Keith-Lucas explores the chances of getting snow at Christmas this year in the UK.,"Tue, 25 Nov 2025 01:35:09 GMT",No hay un pais relacionado
BBC,"English actor Jack Shepherd, star of Wycliffe, dies at 85",He will be remembered for his roles as TV detective Charles Wycliffe and fictional Labour MP Bill Brand.,"Tue, 25 Nov 2025 20:48:50 GMT",No hay un pais relacionado
BBC,CPS to train staff to spot 'hidden crimes' when investigating domestic abuse,"The CPS says data shows a ""growing relationship"" between domestic abuse and crimes including rape and stalking.","Tue, 25 Nov 2025 20:20:03 GMT",No hay un pais relacionado
BBC,Watch: Popemobile becomes a mobile health clinic for Gaza children,The vehicle had transported the late Pope Francis on a visit to Bethlehem in 2014.,"Tue, 25 Nov 2025 14:51:12 GMT",No hay un pais relacionado
BBC,"Thai woman's cremation stopped as knocking on coffin heard, temple staff say","The general manager of a Buddhist temple was startled to see her ""opening her eyes"" as the coffin opened, AP news agency says.","Tue, 25 Nov 2025 14:12:24 GMT",No hay un pais relacionado
BBC,Man jailed for murdering teen yards from his home,"Eddie Kinuthia, 19, died after being stabbed multiple times near his home in Bristol.","Tue, 25 Nov 2025 17:50:20 GMT",No hay un pais relacionado
BBC,Prince William reveals 'love' of cold water swimming,"The Prince of Wales told fellow cold water swimmers that the hobby helps him ""feel great afterwards"".","Tue, 25 Nov 2025 17:21:33 GMT",No hay un pais relacionado
BBC,High Court refuses garden radar scan for McKay remains,"Judge accuses McKay family of ""egregious conduct"" after a homeowner cited ""borderline harassment"".","Tue, 25 Nov 2025 16:20:40 GMT",No hay un pais relacionado
BBC,BBC News app,"Top stories, breaking news, live reporting, and follow news topics that match your interests","Wed, 30 Apr 2025 14:04:28 GMT",No hay un pais relacionado
BBC,The Budget: What To Watch Out For,More details emerge ahead of the budget about tax rises and increases to minimum wage.,"Tue, 25 Nov 2025 19:33:00 GMT",No hay un pais relacionado
BBC,Americanswers… on 5 Live! What’s really going on with Trump’s peace plan for Ukraine?,The US president has urged Zelensky to accept a controversial ceasefire deal,"Mon, 24 Nov 2025 19:34:00 GMT",No hay un pais relacionado
El Pais,El Gobierno propone a la progresista Teresa Peramato como fiscal general del Estado,"Bolaños defiende la trayectoria “intachable” e “impecable” de la sucesora de García Ortiz, muy vinculada a la lucha contra la violencia de género. Yolanda Díaz llama a movilizarse “pacíficamente en las calles” contra la decisión del Supremo","Tue, 25 Nov 2025 15:04:19 GMT",Espana
El Pais,"Maribel Vilaplana retiró su coche del aparcamiento el día de la dana a las 19.47, una hora después de salir con Mazón de El Ventorro",La marcha de la periodista se produjo solo 24 minutos antes de la alerta masiva de la Generalitat para informar del riesgo de la catástrofe,"Tue, 25 Nov 2025 20:50:36 GMT",No hay un pais relacionado
El Pais,Miles de mujeres marchan contra el negacionismo y el riesgo de retrocesos contra la violencia machista,El feminismo vuelve a mostrar su división en varias ciudades españolas en el Día Internacional contra la Violencia de Género,"Tue, 25 Nov 2025 21:08:21 GMT",No hay un pais relacionado
El Pais,"Las manifestaciones del 25-N por el Día Internacional contra la Violencia Machista, en imágenes","Las manifestaciones del 25-N por el Día Internacional contra la Violencia Machista, en imágenes","Tue, 25 Nov 2025 19:49:09 GMT",No hay un pais relacionado
El Pais,Pasajeros rumbo a Venezuela estancados en Barajas por la cancelación de los vuelos: “Se lavan las manos”,"Varias compañías aéreas han suspendido sus operaciones en la ruta entre Madrid y Caracas, entre advertencias de autoridades por riesgos para la seguridad, hasta que “las condiciones sean adecuadas”","Tue, 25 Nov 2025 15:28:30 GMT","Estados unidos,Venezuela"
El Pais,El chavismo se moviliza para reivindicarse frente a las amenazas de Estados Unidos,Miles de simpatizantes del Gobierno venezolano se concentran en Caracas en una marcha antiimperialista,"Tue, 25 Nov 2025 19:32:13 GMT","Estados Unidos,Estados unidos,Venezuela"
El Pais,Buscador | ¿Cuánto cobra el alcalde de tu ciudad?,"Los regidores de Madrid, Bilbao y Barcelona superan los 100.000 euros anuales","Tue, 25 Nov 2025 11:36:58 GMT",No hay un pais relacionado
El Pais,Diez alcaldes españoles cobran más que el presidente del Gobierno,"Los sueldos de los regidores de Madrid, Bilbao, Barcelona, San Sebastián y Vitoria superan al del jefe del Ejecutivo y varios ministros","Tue, 25 Nov 2025 16:47:18 GMT",No hay un pais relacionado
El Pais,La Guía Michelin de España deja vacía este año la categoría de nuevos tres estrellas,"Cinco locales consiguen la segunda estrella: Enigma, Aleia y Mont Bar (los tres en Barcelona), Ramón Freixa (Madrid) y La Boscana (Lleida). Además, 25 restaurantes entran por primera vez en la guía","Tue, 25 Nov 2025 20:56:27 GMT",España
El Pais,Mapa de todos los restaurantes con estrella Michelin 2026 en España,La guía incluye nuevas distinciones para 30 establecimientos: 25 son recién llegados,"Tue, 25 Nov 2025 21:50:47 GMT",España
El Pais,Una familia y cuatro estrategias: el reparto de papeles de los Pujol en el juicio,Los abogados critican que la “indefinición” de las acusaciones de la Fiscalía sobre el origen de la fortuna los deja indefensos,"Tue, 25 Nov 2025 15:34:09 GMT",Espana
El Pais,"Íñigo Ramírez de Haro, cuñado de Esperanza Aguirre: “Después de cinco años de ser vilipendiado, esta sentencia me devuelve el honor”","El dramaturgo y exdiplomático ha ganado el juicio a su hermano por la venta de un ‘goya’. En su nuevo libro, ‘Los hipócritas’, hace una ácida descripción de la carrera diplomática","Tue, 25 Nov 2025 11:00:11 GMT",No hay un pais relacionado
El Pais,Fulminados tres altos cargos del CNIO tras las denuncias de corrupción,"El órgano de Gobierno del mayor centro de cáncer acepta cambiar su estructura para romper con la etapa anterior, marcada por presuntas irregularidades en la contratación","Tue, 25 Nov 2025 13:58:11 GMT",No hay un pais relacionado
El Pais,"El enviado de Trump, Steve Witkoff, se reunirá con Putin para hablar del plan de paz para Ucrania","El secretario del Ejército, Dan Driscoll, se reunirá con representantes ucranios, revela el presidente estadounidense","Tue, 25 Nov 2025 20:15:30 GMT","Rusia,Ucrania"
El Pais,"Telefónica propone 6.088 despidos para comenzar a negociar el ERE, el 35% de la plantilla","Este martes ha sumado otras 751 salidas en Telefónica Global Solutions, Telefónica Innovación Digital y Telefónica SA","Tue, 25 Nov 2025 10:11:53 GMT",No hay un pais relacionado
El Pais,Hasset se perfila como favorito para relevar a Powell al frente de la Reserva Federal,El secretario del Tesoro asegura que hay una gran oportunidad de hacer el relevo antes de Navidad,"Tue, 25 Nov 2025 18:36:43 GMT",Estados unidos
El Pais,Bolsonaro empieza a cumplir en una comisaría la pena de 27 años por intentar perpetrar un golpe de Estado,"El expresidente, que padece problemas gastrointestinales, fue condenado por liderar un complot contra Lula tras perder en 2022","Tue, 25 Nov 2025 22:47:28 GMT",Brasil
El Pais,El Barça se condena y se retrata en Europa,La expulsión de Araujo sentencia a un inofensivo equipo azulgrana ante un muy buen Chelsea,"Tue, 25 Nov 2025 22:33:56 GMT",No hay un pais relacionado
El Pais,"Las cinco ‘edades’ del cerebro humano: hay cambios cruciales alrededor de los 9, los 32, los 66 y los 83 años","Un estudio identifica cuatro puntos de inflexión fundamentales en el desarrollo de las conexiones neuronales a lo largo de la vida, un hallazgo que puede ayudar a comprender alteraciones en la cognición y el comportamiento","Tue, 25 Nov 2025 10:00:30 GMT",No hay un pais relacionado
El Pais,Bruselas vaticina que España corre el riesgo de incumplir los objetivos de gasto en 2026,La Comisión cree que España ya puede salir del programa de vigilancia derivado del rescate financiero de 2012,"Tue, 25 Nov 2025 14:51:34 GMT","España,Espana"
El Pais,La justicia de la UE obliga a todos los países de la Unión a reconocer un matrimonio homosexual celebrado en otro Estado miembro,"El TJUE dicta que las uniones igualitarias deben ser reconocidas, aunque no exista normativa nacional al respecto","Tue, 25 Nov 2025 12:47:02 GMT",No hay un pais relacionado
El Pais,Jan Martínez Ahrens: “Nuestra tarea es contar la verdad de lo que ocurre y hacerlo sin miedo”,El director de EL PAÍS ha impartido la lección de clausura de la entrega de diplomas de la 38ª promoción del Máster de Periodismo de la Escuela UAM-EL PAÍS,"Tue, 25 Nov 2025 17:40:34 GMT",No hay un pais relacionado
El Pais,Mueren una pareja y sus dos hijos por un escape de gas en una casa de Torrox (Málaga),"Los fallecidos, de origen marroquí, vivían en una vivienda del casco antiguo del pueblo","Tue, 25 Nov 2025 18:46:06 GMT",Espana
El Pais,La Guardia Civil investiga una agresión sexual entre menores en un colegio de Las Rozas,"Los padres del niño agredido, de seis años, han presentado una denuncia contra los supuestos agresores, de 11, y contra la dirección del centro público en Las Matas","Tue, 25 Nov 2025 09:47:38 GMT",No hay un pais relacionado
El Pais,El juez ve “indicios sólidos” contra el expresidente de la Diputación de Almería: hablaba de ir al “dentista” para referirse a las comisiones,En el auto que motivó su detención se incide en la “importancia del papel que ejercía Javier Aureliano García en el entramado delictivo”,"Tue, 25 Nov 2025 10:16:11 GMT",Espana
El Pais,Detenido en Francia el presunto cuarto integrante del grupo que robó en el Louvre el pasado octubre,Un informe encargado por el museo en 2019 ya alertaba de que la ventana por la que accedieron los ladrones era uno de los principales fallos de seguridad de la pinacoteca,"Tue, 25 Nov 2025 13:53:38 GMT",Francia
El Pais,Seguir aquí la Gala de la Guía Michelin puede tener premio,"Málaga se convierte hoy en el epicentro culinario con la Gala de la Guía MICHELIN España 2026, la noche más esperada del año para la gastronomía española. Aquí se puede seguir… y participar en el sorteo de una experiencia gastronómica en alguno de los restaurantes de la nueva selección","Tue, 25 Nov 2025 16:49:09 GMT",España
El Pais,Cuenta atrás para la baliza V-16: ¿cuánto cuesta? ¿qué multas se contemplan? ¿rastrea el coche?,La obligatoriedad de llevar una luz conectada a partir del 1 de enero de 2026 abre un negocio de 1.400 millones de euros,"Tue, 25 Nov 2025 11:17:15 GMT",No hay un pais relacionado
El Pais,Las primeras palabras de Javier Calvo tras su ruptura con Javier Ambrossi: “Es la persona más importante de mi vida”,"El productor y director fue recibido en el aeropuerto de Madrid por los paparazis, con los que habló de la actual relación con su expareja o los supuestos nuevos romances","Tue, 25 Nov 2025 09:53:04 GMT",No hay un pais relacionado
El Pais,"La fiscalía pide un año y ocho meses de prisión para Chiara Ferragni, acusada de estafa agravada","La ‘influencer’ italiana, que ya ha pagado más de tres millones de euros en concepto de resarcimientos y donaciones tras el ‘Pandorogate’, dice que “confía” en el proceso judicial","Tue, 25 Nov 2025 15:30:41 GMT",Italia
El Pais,"Así ha sido la millonaria boda india del año: actuación de Jennifer Lopez, escenario de James Bond y una tarta en forma de palacio",La heredera Netra Mantena y el empresario tecnológico Vamsi Gadiraju han celebrado su enlace con cuatro días de festejos en Udaipur en los que no han escatimado en gastos y han contado con invitados como Donald Trump Jr.,"Tue, 25 Nov 2025 11:34:43 GMT",India
El Pais,Espaldarazo a la transparencia,El fallo judicial que obliga a la Comunidad de Madrid a entregar las actas de inspección de las residencias durante la pandemia es una victoria para la ciudadanía,"Tue, 25 Nov 2025 04:30:01 GMT",Espana
El Pais,"Cinco años después, el mar sigue callado",Mi padre desapareció tras el vuelco del pesquero ‘Maremi’ en julio de 2021. Nueve marineros fueron rescatados. Él nunca volvió. Esta es la historia y la herida que seguimos llevando abierta.,"Tue, 25 Nov 2025 04:30:01 GMT",Espana
El Pais,Flavita Banana: charla básica,Viñeta del 25 de noviembre de 2025,"Tue, 25 Nov 2025 04:30:01 GMT",No hay un pais relacionado
El Pais,Auge súbito de Sílvia Orriols,"Apogeo fulgurante de Aliança Catalana, según el barómetro del CEO que apunta el ascenso veloz de este partido nacionalpopulista en las próximas elecciones catalanas","Tue, 25 Nov 2025 04:15:00 GMT",No hay un pais relacionado
El Pais,Historias mínimas que no lo son: Freddie Mercury y Montserrat Caballé en Barcelona,Asociaciones de vecinos se oponen a que el Ayuntamiento dedique una estatua a los dos inolvidables intérpretes de la canción ‘Barcelona’,"Tue, 25 Nov 2025 04:15:00 GMT",No hay un pais relacionado
El Pais,"La vida en La Habana de Martiño Ramos, el profesor español condenado por abusar de una alumna","Desde que huyó de la justicia española y hasta su detención, Martiño Ramos Soto se presentaba en Cuba como un hombre de negocios haciendo turismo. Incursionó en los circuitos culturales, donde contactaba con jóvenes a través de la fotografía","Tue, 25 Nov 2025 04:30:01 GMT",Cuba
El Pais,"Amanda Romare, escritora y guionista: “En las citas te dicen que eres la mujer de sus sueños y al día siguiente desaparecen sin dejar rastro”","Tras volcar sus experiencias amorosas y sexuales en ‘Diario de una chica experta en desastres de amor’, novela que ya cuenta con su propia serie en Netflix, la autora reflexiona sobre la dificultad de encontrar el amor… E incluso una segunda cita","Tue, 25 Nov 2025 04:30:01 GMT",No hay un pais relacionado
El Pais,"Cinco años después de la muerte de Maradona: homenajes, un juicio pendiente y cuitas entre sus familiares por la herencia de la marca del 10",La nueva vista a los responsables que cuidaron del astro futbolístico argentino en sus últimos días comenzará en marzo después de haberse declarado nulo el primer juicio,"Tue, 25 Nov 2025 18:05:35 GMT",Argentina
El Pais,El CSIC limpia las huellas franquistas de sus pasillos y pone rostro a 500 represaliados tras su fundación en 1939,"El mayor organismo de ciencia de España nació de la destrucción de la Junta para Ampliación de Estudios, culpada de “desarraigar del alma española la fe de Cristo”","Tue, 25 Nov 2025 04:30:00 GMT",España
El Pais,Richard Gere: “Nuestra realidad no es tan diferente a la de las personas sin hogar. Todos podemos acabar así”,"El actor presenta el documental ‘Lo que nadie quiere ver’, rodado en España con personas sin techo, y lamenta que cada vez sea más peligroso pronunciarse en EE UU","Tue, 25 Nov 2025 04:08:36 GMT","España,Espana,Israel"
El Pais,Euromillones: comprobar sorteo del martes 25 de noviembre,Hoy martes el Euromillones reparte un bote de 162 millones de euros,"Tue, 25 Nov 2025 20:48:06 GMT",Espana
El Pais,El PP de Almeida desoye las críticas por su política contra la violencia machista y habla de los “muros” de la izquierda y de Vox,El PSOE y Más Madrid acusan a los populares de “perpetuar” la violencia de género al recortar servicios de igualdad y de utilizar a las mujeres como “moneda de cambio” en sus pactos con la extrema derecha,"Tue, 25 Nov 2025 15:52:41 GMT",No hay un pais relacionado
El Pais,Las personas no binarias son obligadas a definirse hombre o mujer en las listas electorales: “No existimos”,La Junta Electoral Central concluye que la identificación del sexo de los candidatos “debe coincidir con la expresada en el DNI”,"Tue, 25 Nov 2025 04:30:01 GMT",No hay un pais relacionado
El Pais,"El conflicto de Montecarmelo castigará al PP en Madrid en beneficio de Vox, según una encuesta con los vecinos",La intención del Ayuntamiento de imponer un cantón de basuras en un barrio con 61% de votantes populares causa desapego hacia Almeida,"Tue, 25 Nov 2025 04:30:01 GMT",No hay un pais relacionado
El Pais,Toni Sala conversarà sobre la novel·la ‘Escenaris’ en un club de lectura obert a tothom,La trobada serà dijous 18 de desembre a les 19h. a l’estudi Toresky,"Tue, 25 Nov 2025 17:14:00 GMT",No hay un pais relacionado
El Pais,Masella abre la temporada de esquí en España este miércoles,El frío y la nieve caída estos últimos días han avanzado la apertura de las instalaciones,"Tue, 25 Nov 2025 11:30:58 GMT",España
El Pais,El Gobierno de Starmer reclama unidad para sofocar una revuelta interna ante la presentación de los Presupuestos,La ministra de Economía tiene previsto anunciar este miércoles un paquete de subida de impuestos que amenaza con no contentar a los mercados,"Tue, 25 Nov 2025 12:59:46 GMT",Reino unido
El Pais,El FBI interrogará a los seis congresistas que animaron a los militares de EE UU a desobedecer órdenes “ilegales” de Trump,"La fiscal general asegura que apelará la decisión de la jueza que desestimó el caso contra James Comey y Letitia James, rivales políticos del presidente","Tue, 25 Nov 2025 17:04:39 GMT",Estados unidos
El Pais,El papamóvil de Francisco convertido en clínica llega a Belén y espera el permiso de Israel para entrar en Gaza,El vehículo ha sido habilitado para atender a pacientes en zona de guerra,"Tue, 25 Nov 2025 13:39:08 GMT",Israel
El Pais,Japón debate su política antinuclear en pleno aumento de la tensión con China,La primera ministra habla por teléfono con Trump horas después de que este conversara con Xi sobre Taiwán,"Tue, 25 Nov 2025 09:56:01 GMT","Estados unidos,Japon,China"
El Pais,"Ekrem Imamoglu, el principal rival de Erdogan, se enfrenta a 2.352 años de cárcel",La justicia turca acepta el sumario en el que la Fiscalía acusa al depuesto alcalde de Estambul y otras 400 personas vinculadas a la oposición de una supuesta trama de corrupción,"Tue, 25 Nov 2025 15:07:03 GMT",Turquia
El Pais,AXA adquiere el 40% de FiberPass a Telefónica y Vodafone por 500 millones,La operadora que dirige Marc Murtra mantendrá el control de la sociedad conjunta de fibra,"Tue, 25 Nov 2025 08:08:02 GMT",No hay un pais relacionado
El Pais,"Reino Unido respalda el plan de 55.000 millones para ampliar el aeropuerto de Heathrow, una de las bases de IAG","La infraestructura londinense contará con la demandada tercera pista, con la que ganará capacidad para 276.000 vuelos anuales","Tue, 25 Nov 2025 20:25:44 GMT","Reino Unido,Reino unido"
El Pais,Por qué los finlandeses son los más felices del mundo si tienen un paro entre los más altos de Europa,El estado del bienestar y la capacidad de adaptación de sus ciudadanos son claves para encabezar el ranking,"Tue, 25 Nov 2025 14:15:39 GMT",No hay un pais relacionado
El Pais,Bloquear Temu y Shein durante dos años mientras Europa legisla: el CEO de los ‘súper’ Casino se moja sobre los gigantes online,La Unión Europea prepara normas para las importaciones a la región procedentes de China,"Tue, 25 Nov 2025 11:03:27 GMT","Francia,China"
El Pais,España se corona con dos Emmy Internacionales: mejor actor para Oriol Pla y mejor documental deportivo por la historia de la selección femenina de fútbol,"Dos telenovelas españolas, ‘Valle salvaje’ y ‘Regreso a Las Sabinas’, pierden en su categoría contra la turca ‘Deha’. México, Colombia, Chile y Argentina se van de vacío","Tue, 25 Nov 2025 03:27:42 GMT","Colombia,España,Argentina,Chile"
El Pais,La Unidad contra las Violencias Machistas del Ministerio de Cultura atiende 55 consultas en su primer año,La mayoría de los casos proceden del sector audiovisual y un 43% se refieren a agresiones sexuales,"Tue, 25 Nov 2025 12:54:40 GMT",No hay un pais relacionado
El Pais,"Brigitte Bardot, ingresada por segunda vez en el último mes","La actriz se sometió a una operación el pasado octubre, y tras los rumores sobre su estado de salud abandonó su habitual silencio para desmentir la noticia de su fallecimiento","Tue, 25 Nov 2025 11:26:31 GMT",Francia
El Pais,Juan Uslé recrea el viaje artístico de su vida a través del Atlántico,"El pintor abstracto, una de las figuras más internacionales del arte contemporáneo español, protagoniza una retrospectiva de cuarenta años de trayectoria en el Reina Sofía","Tue, 25 Nov 2025 14:37:34 GMT",No hay un pais relacionado
El Pais,"Maah Keita, música senegalesa: “El estilo que hacemos es más fácil ‘venderlo’ en Europa que aquí”","Esta bajista, activista por los derechos de las personas albinas y modelo, explora los escenarios europeos con su grupo Lady Maah Keita, que fusiona jazz con ritmos tradicionales de África Occidental","Tue, 25 Nov 2025 15:00:00 GMT",No hay un pais relacionado
El Pais,La FIFA revela nuevos detalles del sorteo del Mundial 2026: España y Argentina solo podrán encontrarse en la final,"Las números 1 y 2 del ranking se evitarán hasta el partido por el título, según ha explicado el organismo del fútbol mundial, que ha confirmado la distribución de los cuatro bombos del sorteo del próximo 5 de diciembre","Tue, 25 Nov 2025 18:02:11 GMT","Mexico,Estados unidos,España,Canada,Argentina"
El Pais,El Madrid derriba al líder Hapoel Tel Aviv,Hezonja fue determinante con canastas decisivas y buenas acciones defensivas (74-75),"Tue, 25 Nov 2025 22:08:46 GMT",No hay un pais relacionado
El Pais,Los Pistons resurgen a lo grande en la NBA: ecos de anillo tras igualar la mejor racha de la historia de la franquicia y emular a los ‘Bad Boys’,"Detroit acumula ya 13 victorias consecutivas, un registro que sitúa al grupo liderado por Cade Cunningham a la altura de los ‘chicos malos’ de 1990 y su último equipo de campeonato en 2004","Tue, 25 Nov 2025 09:48:36 GMT",No hay un pais relacionado
El Pais,"Evento Tendencias | Gerd Leonhard: “Las herramientas deben seguir siendo herramientas, el pensamiento nos pertenece a nosotros”","El futurista y humanista reflexiona sobre cómo toda innovación tecnológica puede destruir o construir, y que todo depende de los incentivos para desarrollarlas","Tue, 25 Nov 2025 04:00:00 GMT",No hay un pais relacionado
El Pais,Evento Tendencias | Europa necesita conectar con las renovables ibéricas,"Beatriz Corredor, presidenta de Redeia, habla en el encuentro celebrado en Madrid sobre el peso de la energía verde en España y la importancia de las interconexiones entre países","Tue, 25 Nov 2025 04:00:00 GMT","España,Espana"
El Pais,Tortilla de patatas: ocho errores que evitar y una receta que funciona,El gran clásico de la cocina española es pura técnica: triunfar o quedarte a medias depende de no cometer determinados fallos. Éste es el proceso para conseguir una tortilla de diez,"Tue, 25 Nov 2025 04:00:00 GMT",No hay un pais relacionado
El Pais,¿Y si volvemos a hacer vino como los romanos?,"Carles Llarch hace tinajas para viticultores. Para entender mejor a sus clientes, empezó a elaborar también su propio vino","Tue, 25 Nov 2025 04:25:00 GMT",No hay un pais relacionado
El Pais,"Bohajar, la memoria de la cristalería y las vajillas del siglo XX que duerme en un almacén","Una nave recóndita en Murcia, propiedad de la familia Bohajar, atesora miles de piezas que suponen un recorrido histórico único de nuestras costumbres domésticas","Tue, 25 Nov 2025 04:45:01 GMT",No hay un pais relacionado
El Pais,Diez iglesias en un quilómetro para (no) perderte por Génova,"Las cifras turísticas hacen de la ciudad italiana, apodada “la Soberbia”, un lugar perfecto por sus asequibles precios, por la comodidad de pasear por sus calles sin aglomeraciones y su patrimonio acumulado a lo largo de los siglos","Tue, 25 Nov 2025 04:30:00 GMT",Italia
El Pais,"“First Dates’ es el sueño de cualquier sociólogo”: los secretos del programa que no entiende de clase, sexo ni raza","Decenas de miles de solteros avalan el programa de citas más famoso de la televisión, que se ha hecho un público fiel retratando al español de a pie y está a punto de cumplir 10 años","Tue, 25 Nov 2025 04:30:01 GMT",No hay un pais relacionado
El Pais,"Belén Esteban, tras conocer la sentencia que condena a Toño Sanchís: “Me quisieron pisotear la dignidad, pero la justicia me ha dado la razón, otra vez”",El juez ha dictado dos años de cárcel para el exrepresentante de la colaboradora televisiva por apropiarse de más de 400.000 euros,"Tue, 25 Nov 2025 08:56:18 GMT",No hay un pais relacionado
El Pais,"El efecto del jersey rojo, el truco de estilo más buscado del otoño","Ya sea sobre los hombros, cruzado en diagonal, a modo de bufanda o ceñido en la cintura, añade interés incluso al atuendo más sencillo","Tue, 25 Nov 2025 04:30:01 GMT",No hay un pais relacionado
El Pais,15 relojes inteligentes para todos los públicos rebajados hasta un 60% por Black Friday,"Seleccionamos los ‘smartwatches’ con mejor relación calidad-precio y descuentos potentes, que más se van a regalar estas Navidades (con ahorros de hasta 125 euros)","Tue, 25 Nov 2025 08:19:26 GMT",No hay un pais relacionado
El Pais,Habla el denunciante de la presunta corrupción en el CNIO: “Es una organización mafiosa”,"Despedido y a la espera de que prospere su caso, un exejecutivo del mayor centro de investigación de cáncer alerta de supuestos contratos amañados por más de 20 millones de euros","Mon, 24 Nov 2025 12:57:17 GMT",No hay un pais relacionado
El Pais,Mapa de los paneles solares: la revolución que transforma el planeta de Badajoz al Tíbet,El uso de inteligencia artificial para detectar parques fotovoltaicos en imágenes satelitales retrata un panorama floreciente: los gigantes solares siguen creciendo y los países emergentes empiezan a acelerar,"Mon, 24 Nov 2025 04:30:00 GMT",Espana
El Pais,"Núcleo Nacional, el movimiento nacido en Ferraz en el que recalan los ultras de extrema derecha",Isabel Peralta y los hermanos Rico Olivares lideran un colectivo con aspiraciones políticas que se alimenta de las 1.500 cuotas mensuales de sus socios,"Sun, 23 Nov 2025 04:30:01 GMT",No hay un pais relacionado
El Pais,La Guía Gastro 2026: una selección de los restaurantes y comercios favoritos de los expertos de EL PAÍS,"Restaurantes, bares, cafés, vinotecas, colmados, panaderías.... Nuestras apuestas y recomendaciones. Más de 400 direcciones muy sabrosas por toda España","Sun, 23 Nov 2025 04:40:00 GMT",España
El Pais,Un informe destaca los excesos de los militares en la construcción del Tren Maya a un año de su inauguración,"Colectivos evalúan en un informe la gran obra de López Obrador para el sur del país, que cumplirá un año de operaciones el próximo 1 de diciembre","Tue, 25 Nov 2025 21:27:22 GMT",Mexico
El Pais,Rodrigo Paz recorta un 30% el gasto público y elimina impuestos para paliar la crisis en Bolivia,"El presidente, que lleva dos semanas en el cargo, pedirá al Congreso que elimine los tributos a las grandes fortunas y el juego","Tue, 25 Nov 2025 17:43:23 GMT",Bolivia
El Pais,La caótica política arancelaria de Trump cambia el equilibrio del comercio mundial,"Un estudio de la Universidad de Yale revela que los gravámenes son los más altos desde el inicio de la II Guerra Mundial, pese a las últimas rebajas","Tue, 25 Nov 2025 04:30:01 GMT",Estados unidos
El Pais,La falta de acuerdo entre el Ayuntamiento de Sevilla y la Policía Local deja en el aire los eventos navideños,"Este miércoles se celebra un pleno extraordinario para dotar presupuestariamente de 5,6 millones el Plan de Navidad, a expensas del voto de Vox, mientras los sindicatos advierten que recurrirán su aprobación","Tue, 25 Nov 2025 17:20:53 GMT",Espana
El Pais,Servinabar contrató al cuñado de Cerdán cuando cumplía en semilibertad una condena por violencia de género,Antonio Muñoz fue condenado a tres años de cárcel por incendiar la casa de su suegra donde pernoctaban su mujer y dos hijos tras anunciarle esta su intención de separarse,"Tue, 25 Nov 2025 12:13:43 GMT",Espana
El Pais,Las asociaciones reconocen la trayectoria de Peramato y confían en que contribuya a acabar con la división en la Fiscalía,"La mayoritaria, de tendencia conservadora, espera que la futura fiscal general recupere “el prestigio que se ha perdido por la actuación” de García Ortiz","Tue, 25 Nov 2025 13:08:07 GMT",Espana
El Pais,Protección de Datos multa a Aena con 10 millones por la identificación biométrica de los viajeros y abre un frente en los tribunales,"La sanción de la agencia española, contra la que habrá recurso del gestor de aeropuertos, iguala a la que se impuso a Google en 2022","Tue, 25 Nov 2025 16:55:46 GMT",No hay un pais relacionado
El Pais,"Los sindicatos piden un incremento del salario mínimo hasta 1.273 euros brutos al mes, un 7,5% más","UGT y CC OO piden que el suelo salarial tribute, como viene defendiendo Hacienda en los últimos años y rechaza Trabajo. Díaz dice que si deja de estar exento de IRPF la subida del SMI será “relevante”","Tue, 25 Nov 2025 10:40:21 GMT",No hay un pais relacionado
El Pais,Consumo multa con un total de 33 millones a Codere y a otros 25 operadores de juego por infracciones graves,"Betfair y 888 también figuran entre las empresas sancionadas, mientras que otras seis extranjeras han sido bloqueadas","Tue, 25 Nov 2025 07:31:33 GMT",No hay un pais relacionado
El Pais,Un jurado declara culpable al acusado de atropellar mortalmente a su pareja en Jaén,La defensa solicita que se imponga la menor pena posible mientras Fiscalía pide 20 años y un día de prisión,"Tue, 25 Nov 2025 15:14:59 GMT",No hay un pais relacionado
El Pais,Detenido en La Rioja un depredador sexual acusado de captar a una menor,"El hombre utilizaba las redes sociales para ganarse la confianza de las víctimas y, posteriormente, manipularlas","Tue, 25 Nov 2025 10:16:11 GMT",Espana
El Pais,La niña ingresada tras un tratamiento dental en una clínica de Alzira (Valencia) evoluciona favorablemente,Otra menor atendida en el mismo centro falleció la semana pasada. El Colegio de Odontólogos valenciano asegura que “profesionales colegiados” practicaron la odontología y la anestesia,"Mon, 24 Nov 2025 12:58:37 GMT",No hay un pais relacionado
El Pais,La maldición de los profesores de asturiano: “Nos jubilamos o nos morimos siendo interinos”,Los docentes de lengua asturiana se rebelan contra un embrollo normativo que los condena a no poder conseguir plaza. Son 332 que enseñan a más de 25.000 alumnos desde infantil a bachillerato,"Tue, 25 Nov 2025 15:23:25 GMT",No hay un pais relacionado
El Pais,La política educativa y el desprecio por la evidencia,"Ignorar el conocimiento científico en educación es caro en términos de equidad y eficacia. Adoptarlo no limita la democracia, sino que la fortalece","Mon, 24 Nov 2025 15:40:12 GMT",No hay un pais relacionado
El Pais,Siete decanos diseccionan la crisis de la Complutense: “Hemos tenido que paralizar actividades por roturas de tuberías”,Responsables de la universidad más grande de España alertan de los recortes en vísperas de la huelga. Les cuesta retener a los profesores y garantizar el ascensor social de los alumnos,"Sun, 23 Nov 2025 04:30:01 GMT",España
El Pais,"Sara Aagesen, tras el final de la COP30: “Europa ha estado en el lado correcto de la historia, no el grupo de los países árabes”","“Los combustibles fósiles se van a dejar de utilizar sí o sí. Lo importante es definir cuándo”, sostiene la vicepresidenta para la Transición Ecológica","Mon, 24 Nov 2025 04:30:00 GMT",No hay un pais relacionado
El Pais,Los controvertidos estudios de un ‘teleco’ que los cazadores usan para avalar la captura de aves cantoras,"El profesor de la Universidad de Alcalá, vinculado a la Federación Madrileña de Caza, realiza sus investigaciones con apoyo de la Junta de Andalucía","Fri, 21 Nov 2025 12:05:50 GMT",No hay un pais relacionado
El Pais,Alemania ya no quiere liderar la lucha contra el cambio climático,"El Gobierno de Merz deja relegada la acción por el clima frente a la inflación, el contexto geopolítico inestable y los problemas presupuestarios","Wed, 19 Nov 2025 04:30:01 GMT","Brasil,Alemania"
El Pais,La paella por bandera: cómo la comida puede convertirse en un elemento identitario y un arma diplomática,Un estudio analiza el poder diplomático de los banquetes de Estado y reflexiona sobre la importancia del gastronacionalismo,"Tue, 25 Nov 2025 04:30:00 GMT",No hay un pais relacionado
El Pais,Cómo llegó tu gato a tu regazo: un libro desafía la historia de la domesticación del felino más popular,"El arqueólogo y antropólogo Jerry Moore repasa los hallazgos que explican una relación marcada primero por el miedo y, después, por el interés y la admiración mutua","Sun, 23 Nov 2025 04:30:01 GMT",No hay un pais relacionado
El Pais,"Animales con imanes en la cabeza: inducción magnética, bioquímica cuántica y nanocristales de magnetita para no perderse","Peces, aves, reptiles, anfibios y hasta unos pocos mamíferos se orientan gracias al campo magnético terrestre: “Existen pistas, pero se desconoce el mecanismo exacto”","Sat, 22 Nov 2025 04:30:01 GMT",No hay un pais relacionado
El Pais,"Adriana Groh: “Internet funciona gracias a una infraestructura que no es de nadie, pero que debemos cuidar”",La responsable de la Agencia de la Tecnología Soberana de Alemania cree que Europa debe apostar por el código abierto para lograr ser independiente tecnológicamente,"Tue, 25 Nov 2025 04:30:00 GMT",Alemania
El Pais,La nueva función de localización de X suscita dudas sobre el origen de algunas cuentas del movimiento MAGA en la red social,La actualización de la plataforma tiene como objetivo eliminar cuentas automatizadas que difunden desinformación y spam,"Tue, 25 Nov 2025 04:30:00 GMT",Estados unidos
El Pais,El coladero de las subvenciones millonarias al kit digital: “Me vendían clientes que no eran reales”,"Denuncias a intermediarias oscuras y cientos de quejas en foros muestran el descontrol del plan de ayudas públicas a la digitalización de autónomos y pymes, que ha repartido 3.400 millones a más de 850.000 beneficiarios","Mon, 24 Nov 2025 04:30:00 GMT",No hay un pais relacionado
El Pais,"Nadal a Valdano: “Mi evolución siempre estuvo ligada al éxito. Cuando llegó el éxito profesional, ya estaba preparado”","La leyenda del tenis mundial reivindica su talento en una entrevista exclusiva en Movistar: “Puedes entrenar todas las horas que quieras, pero si el ‘drive’ no va donde tú quieres…""","Mon, 24 Nov 2025 20:59:46 GMT",No hay un pais relacionado
El Pais,El Real Madrid y la Superliga activan sus demandas contra la UEFA por un valor de 4.500 millones de euros,"A22, la promotora de la competición proyectada por Florentino Pérez, insta a Alexander Ceferin a cumplir la sentencia del TJUE","Mon, 24 Nov 2025 17:47:08 GMT",No hay un pais relacionado
El Pais,"Y tras la tormenta, el capitán Ferrer recupera la felicidad: “He vuelto a sentir la adrenalina”","Pese a la derrota contra Italia en la final, el técnico asegura que ha disfrutado tras las experiencias fallidas y una doble gestión muy delicada: Alcaraz y Davidovich","Mon, 24 Nov 2025 04:45:03 GMT",Italia
El Pais,Cecilia Bartoli: “No es ningún sacrilegio programar musicales en teatros de ópera”,"La gran estrella de la lírica visita Barcelona, Madrid y Sevilla acompañada por Les Musiciens du Prince-Monaco para ofrecer una versión semiescenificada de la ópera ‘Orfeo y Eurídice’ de Gluck","Tue, 25 Nov 2025 04:30:01 GMT",No hay un pais relacionado
El Pais,‘Una historia personal de la arquitectura europea’: un viaje por el continente a través de la belleza de sus edificios,"El arquitecto y profesor David Ferrer propone una celebración del empeño constructivo y la evolución de sus corrientes, desde el templo griego hasta el movimiento moderno del siglo XX","Tue, 25 Nov 2025 04:30:01 GMT",No hay un pais relacionado
El Pais,"Cristina Rivera Garza, escritora: “Contar una historia también es una forma de denuncia”","La autora mexicana presenta en Madrid la adaptación teatral de su novela ‘El invencible verano de Liliana’, ganadora del Pulitzer, donde reconstruye la vida de su hermana asesinada y retrata la violencia que viven miles de mujeres en México","Tue, 25 Nov 2025 04:30:01 GMT",Mexico
El Pais,"Jonas Brothers, Michelle Pfeiffer, Alicia Silverstone... Llega un nuevo aluvión de telefilmes navideños",Plataformas y cadenas se vuelcan con un género televisivo con películas cortadas por un mismo molde pero muy rentables,"Tue, 25 Nov 2025 04:30:01 GMT",No hay un pais relacionado
El Pais,El nuevo mandato-marco de RTVE inicia una sinuosa tramitación que podría haberse acelerado en el Congreso,"El decreto para la renovación exprés de la corporación aprobado hace un año por el Gobierno permite elevarlo al Pleno de la Cámara baja, pero se discutirá desde este martes en la comisión específica donde el PP y Vox tienen mayoría","Tue, 25 Nov 2025 04:30:01 GMT",No hay un pais relacionado
El Pais,‘The Paper’: Volver (o no) al lugar que te ha hecho reír,La tele es un negocio conservador en tanto en cuanto insiste en replicar fórmulas de probada solvencia para tratar de garantizarse un éxito que incluso por esas se le puede escurrir entre los dedos,"Tue, 25 Nov 2025 04:30:01 GMT",No hay un pais relacionado
El Pais,"Fátima Bosch responde a los mensajes de odio recibidos tras conquistar Miss Universo: “Aunque estos ataques duelen, no me definen”",La ganadora del certamen de belleza ha sido increpada en redes sociales desde que surgió la polémica de un supuesto fraude de su victoria en Tailandia,"Tue, 25 Nov 2025 21:58:15 GMT",Mexico
El Pais,La hija de Robert Redford lamenta las publicaciones de su padre generadas con IA: “Son especialmente difíciles en estos momentos”,"Amy Redford ha hablado por primera vez de la muerte del actor, y ha desmentido que se haya celebrado un funeral público. “Estamos trabajando para hacer un memorial en el futuro”, asegura","Tue, 25 Nov 2025 11:52:10 GMT",No hay un pais relacionado
El Pais,"Laura Wasser, la abogada de los divorcios de Britney Spears o Angelina Jolie, da sus siete claves para facilitar una separación","Comunicar las expectativas futuras, priorizar a los hijos o estar bien informado de la situación financiera son algunos consejos de la conocida como “la reina de los divorcios”, que cobra a sus clientes 1.200 dólares la hora","Tue, 25 Nov 2025 04:30:00 GMT",No hay un pais relacionado
El Pais,La lucha de los funcionarios jubilados nigerianos para cobrar el dinero que les corresponde tras 35 años trabajando,"Miles de empleados públicos de Nigeria pasan años sin recibir sus gratificaciones, un pago único que se abona tras prestar más de tres décadas de servicio al Estado. Algunos han fallecido antes de recibirlo","Mon, 24 Nov 2025 15:00:00 GMT",No hay un pais relacionado
El Pais,La huida de Mohammed del asedio de El Fasher: “La gente hervía pieles de animales y se comía el agua como si fuera sopa”,"Mohamed Usman Hassan, testigo directo de cómo la capital de Darfur Norte se transformó en un infierno inhabitable, relata el hambre, la violencia y la desesperación que han sufrido sus ciudadanos","Mon, 24 Nov 2025 04:30:00 GMT",No hay un pais relacionado
El Pais,El día que la chef Iris Jordán tiró al monte (en el valle de Benasque),Es parte de la revolución de cocineros que volvieron a casa para trabajar con sus sabores más identitarios. La suya ya tiene una estrella Michelin,"Thu, 20 Nov 2025 04:40:00 GMT",No hay un pais relacionado
El Pais,“No se me ocurre darle un azote a un filete antes de cocinarlo”: Un veterano de la gastronomía come con un cocinero de Instagram,"Mikel Zeberio y Alberto Ballarín Sansonetti comparten profesión, la divulgación gastronómica: el primero es una eminencia; el segundo empieza a curtirse a golpe de ‘reels’. Durante una comida en Saddle, buscan un terreno común","Wed, 19 Nov 2025 04:40:00 GMT",No hay un pais relacionado
El Pais,"En casa de Amparo Llanos, de Dover:  un templo de libros desde donde traduce a Jane Austen","Amparo Llanos cuenta que cuando estaba en el grupo aprendió a hacer música sobre la marcha. Ahora se ha embarcado en la traducción de las cartas de la escritora británica, por quien siente auténtica devoción. Ha convertido su casa de Madrid en un templo dedicado a las autoras","Sun, 23 Nov 2025 14:13:00 GMT",No hay un pais relacionado
El Pais,Matrimonios abiertos: qué cuentan (bueno y malo) las parejas que lo han vivido,El mediático divorcio de Lily Allen ha reabierto el debate acerca de si las relaciones abiertas pueden realmente funcionar,"Thu, 20 Nov 2025 04:30:01 GMT",No hay un pais relacionado
El Pais,El caso de Drake y los millones de escuchas “inauténticas”: la demanda contra Spotify que cuestiona a la industria musical,"Una demanda contra la plataforma denuncia números inflados por robots, VPN y cuentas imposibles que escuchan 23 horas al día de música del célebre rapero (aunque esta historia no va sobre él)","Sun, 23 Nov 2025 04:30:00 GMT",No hay un pais relacionado
El Pais,"Ocho días para enfrentarte a tu infancia: así es el Método Hoffman, la severa terapia de culto entre ricos y famosos","El retiro promete una “reconexión total” en una semana. Sus defensores hablan de catarsis; sus detractores, de un viaje demasiado abrupto hacia las propias heridas","Sat, 22 Nov 2025 04:30:01 GMT",No hay un pais relacionado
El Pais,"Siguiendo el río Hudson hasta la bohemia Woodstock, el plan para escapar de la bulliciosa Nueva York","Una ruta entre bosques, lagos, puentes históricos y coquetos pueblos que acaba en la localidad que vive de la leyenda de un festival que, en realidad, se celebró a más de una hora de distancia","Sun, 23 Nov 2025 04:30:00 GMT",Estados unidos
El Pais,Una ruta sabrosa por Viena: de los ‘würstelstand’ a la gastronomía imperial,La cocina vienesa es como la propia historia de la capital de Austria: una confluencia de culturas que transita entre el sabor solemne de los Habsburgo y las recetas de los artistas emergentes,"Sat, 22 Nov 2025 04:30:00 GMT",No hay un pais relacionado
El Pais,"Renata Salecl, socióloga: “En la empresa se valora la ausencia de piedad. Los psicópatas ascienden con facilidad”","La pensadora eslovena analiza los estragos del neoliberalismo en nuestro interior. Dice que percibimos al resto como obstáculos, incluso a los más desfavorecidos","Sun, 23 Nov 2025 04:30:00 GMT",No hay un pais relacionado
El Pais,Cosas que pasan,"Trump dice que el asesinato en 2018 del periodista saudí Jamal Kashoggi son “cosas que pasan”: es lo normal, ir a renovar el pasaporte y acabar hecho trocitos en una maleta","Sun, 23 Nov 2025 04:30:00 GMT","Estados unidos,Espana"
El Pais,La empresa que factura 3.000 millones de euros vendiendo móviles de segunda mano,"Back Market vende dispositivos reacondicionados. Su especialidad son los teléfonos, las tabletas y los ordenadores, pero también ha entrado en los electrodomésticos","Mon, 24 Nov 2025 09:40:44 GMT",No hay un pais relacionado
El Pais,El desorbitado precio de la vivienda al borde de la inflexión,"El ciclo alcista nace de la escasez de oferta, también de expectativas, que podrían estar cambiando","Sun, 23 Nov 2025 04:30:00 GMT",No hay un pais relacionado
El Pais,"‘Maestros Antiguos’, el torrente asfixiante y adictivo, perspicaz y divertidísimo de Thomas Bernhard","Cuarenta años después de la publicación de la novela, que puede leerse como el testamento literario del escritor austriaco, Javier Aparicio Maydeu ofrece una nueva edición con orientaciones que pueden ayudar a comprenderla","Tue, 25 Nov 2025 04:30:00 GMT",No hay un pais relacionado
El Pais,Derechos digitales: En 2025 siempre hay alguien vigilándote,La última exposición de Fundación Telefónica en Madrid es un indispensable recordatorio de los peligros (y las oportunidades) del mundo digital,"Mon, 24 Nov 2025 04:30:01 GMT",No hay un pais relacionado
El Pais,Vídeos de ajedrez | Dos obras maestras con muy pocas piezas,"La ventaja de espacio es el factor común de estas maravillas minimalistas, compuestas por dos artistas muy longevos, el húngaro Pal Farago y el soviético Alexánder Guliáyev.","Mon, 24 Nov 2025 17:38:11 GMT",No hay un pais relacionado
El Pais,Vídeos de ajedrez | El arte que hará inmortal a Daniel Naroditsky,"Un doble sacrificio de calidad en el momento justo da la victoria con brillantez al estadounidense, fallecido de manera repentina a los 29 años","Mon, 17 Nov 2025 18:15:24 GMT",No hay un pais relacionado
El Pais,La gastronomía en los tiempos de Gaza,"En un presente tan poco halagüeño, la alimentación puede importar, sobre todo si nos fijamos en las implicaciones sociales de la comida","Mon, 24 Nov 2025 04:30:00 GMT",No hay un pais relacionado
El Pais,Sopa griega de garbanzos y limón en receta tradicional o rápida,El plato se puede hacer de dos formas: con legumbres de bote o cocidas por ti. El secreto de ambas es el remate final con tahini,"Mon, 24 Nov 2025 04:00:00 GMT",No hay un pais relacionado
El Pais,"Sandra López Letón, de EL PAÍS, galardonada en los Premios de Periodismo Vía Ágora",Su reportaje ‘De la burbuja al gran déficit’ ha sido reconocido como el mejor artículo de análisis de la situación del sector inmobiliario residencial,"Thu, 13 Nov 2025 12:57:05 GMT",No hay un pais relacionado
El Pais,"Las 5 mejores ofertas en portátiles por Black Friday de Amazon: ahorra hasta 300 euros en Asus, Lenovo y otras grandes marcas",Estos potentes equipos cuentan con todo lo necesario para las tareas ofimáticas diarias. No dejes pasar sus descuentos hasta del 30%,"Tue, 25 Nov 2025 13:00:00 GMT",No hay un pais relacionado
El Pais,Las mejores ofertas flash de Amazon en chaquetas de invierno para protegerte de la llegada del frío,Seleccionamos las ofertas más destacadas en chaquetas de distintas marcas para hombre y mujer,"Tue, 25 Nov 2025 11:17:00 GMT",No hay un pais relacionado
El Pais,Precio mínimo histórico en este pack de cepillos de dientes eléctricos Oral-B: 59% de descuento,"Limpieza hasta un 100% más profunda que un modelo convencional: cuatro cabezales intercambiables, tres modos de limpieza y sensor de presión de 360°","Tue, 25 Nov 2025 06:15:00 GMT",No hay un pais relacionado
El Pais,"25 chollos Black Friday para combatir el frío: calefactores, abrigos, edredones y mucho más",Hasta el 55% de descuento en productos que hacen más fácil enfrentar el invierno,"Tue, 25 Nov 2025 08:50:25 GMT",No hay un pais relacionado
